E,zero_crossing,m1,m2,m3,m4,m5,m6,m7,m8,m9,m10,std1,std2,std3,std4,std5,std6,std7,std8,std9,std10,max1,max2,max3,max4,max5,max6,max7,max8,max9,max10,class
0.0072159447091928305,1796.0,10.624268727690067,7.047564927727638,43.901729324058586,6.166016861368297,5.3125706653357945,3.15361997477191,5.706388405467599,1.7957515017226091,0.4696452964711091,2.8021506159611227,10.018503166285305,4.266992280901208,126.79606701046109,2.901244888588105,13.040953501905793,3.7506004249280847,24.674619308920125,3.305636749795363,0.3083971322293944,6.99793546913508,64.11948129157886,19.0771036461446,1741.581490348036,13.511354829746761,143.51841274308555,32.92057424860905,356.5361279499338,38.3542281785473,2.076497207024492,65.53874504444259,A5
0.0005025228173091083,1880.0,2.0254598093736624,1.669976874786003,11.314676672519226,1.3054030020381282,2.23362713505578,0.3904001444501935,0.5055336001314492,0.385659208946196,0.07619657826539908,0.3887659633754629,1.7918261252524819,0.8781168363947196,33.77695915750721,0.6133760692016076,7.346032003718803,0.4357427435654277,1.2330537917261644,0.9576983240368995,0.05372468335410872,1.3586574404393326,10.056333936352145,4.43920647015949,394.3707802260351,3.1331186541366014,96.67095524026838,3.2077636541176635,18.911586005904944,11.950580693763353,0.2960019714692915,15.182583070521872,A5
0.005181937940874261,1773.6666259765625,3.209322592791119,3.3421191661821603,29.284123561863396,1.8777703426355759,3.2068347364451975,0.612305570798206,1.0800725967611948,1.5299555790492116,0.14293192430498275,0.6814765185215041,2.9842749188344917,2.65322982181705,113.55827603206284,1.2192915614753972,10.249814876841395,0.673924119499188,3.719834806715096,5.132452067582324,0.08292302773839468,2.14682274669154,13.227652419830974,22.130633214060676,1352.1600915078607,7.024340959235286,143.69414476325343,5.075097264746514,51.38159363621085,51.396495798725475,0.41864290655100445,19.165518818682425,A5
0.0010264714635612009,1818.6666259765625,3.5853579551908257,2.681186394892509,16.794447110190085,2.062854641852241,2.3821304461685213,1.1184398536579159,1.9842018047680736,0.7686669913390717,0.17125503863383382,0.8624927237697282,3.531023130878741,1.671836887031651,47.803581905892045,0.9886782322966176,6.256023178363052,1.4146929248644993,8.667216306147987,1.7270528504032843,0.11966246687537674,1.8819197720467653,18.56361762545784,11.581544228007457,654.4829357497043,4.821906441070898,64.3104905401495,13.241790577534806,129.594159660012,15.75113514220909,0.8328333537802952,15.640858540914484,A5
0.007086864137755645,1803.0,11.017001360318073,6.889668739992879,43.231468837573765,6.194425528604997,5.755299418772582,3.5799251468666657,6.472372025621538,2.259284063149139,0.5181041943428536,3.292012181046806,11.089058217852857,3.7975730946131336,124.76584955479557,2.556205346397646,13.892618900931888,4.131904428309811,26.19175191668794,4.2976043654393115,0.3343995563251145,8.181257207747391,66.6960572492782,19.847919740878254,1604.3789739301126,13.100848097040648,152.8458028556832,36.5346069461382,346.3066568602577,50.392588748494944,2.2637271704945308,69.89036160787983,A5
0.00045159209589107596,1927.0,2.03870066048215,1.6304790281727652,10.826496968858166,1.2743194110358638,2.4611840799313027,0.43092722877539275,0.6009279505146754,0.454529866801205,0.08442980551644146,0.45316912743859916,2.0436805707775543,0.8081336002810898,31.541973741269196,0.5280285474562176,8.215740879857668,0.47933956743355616,1.455362855419613,0.9764899972571844,0.06356591507646556,1.446551366888557,13.710162631550558,3.8752033281329625,362.74170166813934,2.9202537354818574,96.72698811956789,3.391657621814461,17.97532116374777,10.723834745527821,0.34678066585190814,14.728908357677646,A5
0.0047516235092307235,1775.0,3.09214706246749,2.736480514914056,27.063230576160347,1.6901281829390251,3.361027860285038,0.6253644534801437,1.1869131900683043,2.0194732634666663,0.15702067120653387,0.8779244619475897,2.9098107431790066,1.9865480751813382,108.57353701170427,1.0395745434275845,11.393927590343791,0.520413717315676,4.491490042446201,7.021976821379571,0.0976266415383181,2.9814620924878312,12.353808965353123,12.125437299270253,1297.596400275499,6.332663029727057,151.14252246833294,3.8574539932110032,55.915732927583306,69.53306138411818,0.5122123885440347,24.878286692996223,A5
0.0008725331076928922,1828.0,3.7402064083168343,2.635811929599058,15.870696529315426,2.0999746386433285,2.4896548113286654,1.254862227723377,2.2264954298022563,1.0224817108484099,0.18904427285493433,1.021234574940867,3.909778472027621,1.2904973263586736,43.304918915607324,0.8928344672227337,6.45904816371646,1.5059410426533877,8.98539030962063,2.6099588782703296,0.1304582246414154,2.224221003939031,18.87386119010484,8.706034928498646,594.7049559331504,4.568703551718808,69.82081881841539,13.524459410999482,129.48007779483464,24.034845947256994,0.930834790260592,15.428977748512937,A5
0.007225910441664324,1804.0,10.961298791659637,6.9732801384588585,43.700862805791424,6.575426995147915,5.908357156319682,3.678515594209054,6.560761869244257,2.2735159234394264,0.5187294844674263,3.326161101992327,10.930199447665476,3.939678887619544,125.96788994104723,2.6996519262142655,13.891678168367852,4.204546505481856,26.529033685242712,4.3075411388624385,0.3273691864674284,8.22150203648934,70.67507658275773,19.23477071157463,1605.0445328840262,13.746561686383783,152.1561751076266,37.10950254949955,343.4058931501077,49.110556128347135,2.1917756711033327,69.46522305551824,A5
0.0004769320951835147,1913.6666259765625,1.99370829510957,1.7532476936436583,11.117403601309128,1.6411268497361682,2.5042494073625665,0.4379506278610373,0.622151385620586,0.45176676942956073,0.08581766457930108,0.4625239468518648,2.0979590555783254,0.8916510819110246,32.42748193008243,0.7614484104731735,8.379345459425437,0.4756657103923595,1.4733014550389616,0.9255610297205796,0.06553477420817938,1.4792714801050444,14.812880278708317,4.2491617873799274,367.53317850549985,3.7636987874417525,98.52344500869977,3.4417330286162375,18.626928189327963,10.272357651720707,0.3607033165266942,14.81524591716651,A5
0.004679095524428973,1774.3333740234375,2.878273346254286,2.996614408836418,27.46161265547104,2.025215251656453,3.4714530048227794,0.6291294659343046,1.2072921978018047,2.054807513100514,0.15762330086338835,0.8724476107788937,2.60559640053126,2.3956602767013253,107.44806833478101,1.3090668472603926,12.157448438638315,0.5303586010392363,4.443424036431182,7.160649218050167,0.09541863642249136,2.909943680558734,11.299058647255768,14.603336852119817,1251.9710246478842,6.868686867695232,165.09916632954207,3.899833257342889,52.4926175775061,70.98425288858562,0.5018130062126702,24.126463539874226,A5
0.00085139393029534,1828.3333740234375,3.7439409561586303,2.6995505401334863,15.959910385035936,2.2782212418519125,2.5614490975192346,1.2908454611378988,2.2534577947773218,1.0327362021297315,0.18972423075878508,1.0309448890365285,3.816991413881553,1.3750418907778905,42.543722423904256,0.9671459310747986,6.639906287957164,1.5314370773162467,9.010696346632272,2.6586002466790846,0.12805329481628963,2.2296871905487974,19.87159617500158,9.211754463080116,575.3166261608255,5.413471483953236,72.28294899633377,13.794255260157877,126.83732553391724,24.786215971550362,0.9062416285052498,15.531604131858069,A5
0.0043212515354134,5531.66650390625,46.055553065655445,5.164047783104096,21.162792039079374,1.2423690718034288,1.4764560257243784,0.7660454792936497,1.3117440203093742,0.32041175987389714,0.30722607432622107,0.4137097474402442,56.85073177324169,2.84420512850966,79.57523261576051,0.7074245959944434,3.0367562133854356,0.6753954555644297,5.661163778617949,0.16158936812064895,0.16355584917390886,0.6071004320023601,321.65717652056384,16.42687598640264,1088.5634659157768,3.922932517202086,38.291847108583,6.162985170064481,92.23829773929715,0.9878733654062813,0.9230820838868838,7.176726120382428,A5
0.00020118099349688697,16697.333984375,9.79187610451853,1.8731903946787212,4.002912559868574,0.29312388052851124,1.0180392419024706,0.15807472287421037,0.12134725708028803,0.11013494379447679,0.0933832704394674,0.09257215550753307,15.834343303607925,1.1753305825286415,13.821789363739816,0.17937281113733278,3.2450634904027567,0.08827284460396104,0.07666877325774894,0.0945045203199594,0.048894296230917046,0.057607106978788736,113.39917439749244,6.041720595457488,188.82337924777568,1.3659186616386096,33.785457978090136,0.5134571678232339,0.7866234643077299,1.0809586477958455,0.3226203970164575,0.5934594613768189,A5
0.0013389866517108692,3970.666748046875,14.891283647012765,1.968729713826081,10.983636328141035,0.44483149506038827,0.8709192886832162,0.2777836719455865,0.20975372768791384,0.13948305404397332,0.11426380956708083,0.12827715153516073,31.41957125693582,1.2071970712174447,49.00207782902085,0.2779944020559144,2.548013109435173,0.17911018715985608,0.30531141400340184,0.1276813746160561,0.06091842268929215,0.07942614340727074,258.16122610775227,6.300490428960913,656.7324378458466,1.4309831278252139,32.09099402484425,1.138615583469054,2.6918475200928165,1.2770801604484423,0.4044182007686028,0.6632044618102655,A5
0.0006806904567535862,4055.0,16.97552999740825,2.099887210220134,8.39360099525826,0.4503815319400155,0.6362488503623572,0.276751011686995,0.45830778714987047,0.11945125247448504,0.11108217785606805,0.14511744905892343,22.675317161407555,1.1419361950192966,32.198395147485215,0.2748543581171356,1.4295983479355998,0.2387524094785353,1.9392542190832671,0.06237993020626132,0.0597243424573493,0.1832535795387002,161.30824862225097,5.800662969762253,430.7495018713366,1.8223027605906794,15.60289956643973,2.221500518518633,31.33624029461384,0.41938964970796777,0.33017858582557624,2.0967362815057298,A5
0.007596616053597419,1958.0,38.18442232741236,6.045274028664755,35.19492715002762,0.7488407041496628,1.6897497718886774,0.32035374025932245,0.8295135316493985,0.2834936279607291,0.11277535372942389,0.23266573857141698,48.280639783911866,3.530978538568988,125.69140402340227,0.516440167575372,4.45026028146966,0.47407985643874256,3.6146262146500896,0.5155693343858151,0.06073397188038106,0.5167010473608029,286.79267132241813,19.567008280717296,1765.8026953854903,2.73500631207372,59.569646203783975,4.708682709899075,54.72045615665964,4.961812372929345,0.4109947219982105,5.206056511237717,A5
0.0002964056862293128,4584.33349609375,7.61081071728379,2.1124421471624677,7.346001110810744,0.18340046363408402,1.0227823353817602,0.061494315315407035,0.0570236805790827,0.06321623135100439,0.03596735880323108,0.04359316147875584,11.642284878458065,1.181619063000034,23.40412874586887,0.10495348940909224,3.9976866069015746,0.032110667289364424,0.0658899015909327,0.11975545521986093,0.01891190358085457,0.05422897727310996,75.68612747553655,5.581103397609607,333.42055529214554,0.5748748753525369,49.94437726165885,0.23005956269289782,0.8755207381827368,1.2619862074098622,0.13190095048168593,0.6705339963279293,A5
0.0027549107952216955,1799.3333740234375,11.956228337835027,2.647705148326912,18.08115038894008,0.2014505581104957,1.238264375967519,0.07858494876400536,0.13686883023655969,0.17933256585717283,0.04605250436945619,0.050050423796928575,20.15837320746472,1.8509368046507975,81.15311878595928,0.11913453395740753,4.520299217868593,0.042858291521970605,0.3487510931968932,0.5873522083068358,0.024281824656138623,0.035682466115767066,169.47387663473418,9.824291757100989,1134.9281364789392,0.7144201528796716,57.176260475575965,0.27738124824526267,3.4489996781113277,5.039167870759646,0.14150492423260203,0.3066012702814964,A5
0.0011834362706171998,1780.6666259765625,13.77319126381545,2.4188237174018004,13.930304518859318,0.2659484964796384,0.6871249687741647,0.11058576733174819,0.28465443135062773,0.1087038119528922,0.04118851791287462,0.07868450325077271,17.50411888317597,1.3178479614327547,50.436712491463354,0.17688383082063078,2.0337056407013567,0.15928482756602017,1.246291143804376,0.1940737232159582,0.02161662714679013,0.15241537290357562,122.68183601393652,6.96854874556324,693.4095095254589,0.8711104051403443,25.510650342630854,1.5167251184290838,18.937262072800515,1.5855453579491625,0.14783080541287796,1.4377379277995848,A5
0.008510627399631472,1773.6666259765625,25.25454093237173,5.262307889626069,39.37931101844356,0.8952196544082015,1.571868523736742,0.3007359693930223,0.7168402078545653,0.14811368594213323,0.05813064634933212,0.16505009410103197,28.911702290403817,2.7685983694565066,141.5820219846596,0.5789396593723274,3.7838328135470167,0.44980621596927245,3.0663834304067152,0.2379550662819949,0.031283537130715,0.4062294468642201,188.19508692473985,15.379809476575158,2015.5740669433696,2.8276274238152252,45.75585204338238,3.987559780817689,40.677259478031644,2.790049793061455,0.20748884582132024,4.509328757371852,A5
0.00031377636815819185,2442.666748046875,4.776822541783753,1.71743299964335,8.663995799926933,0.19714532647167743,0.8732987734217764,0.03906662807445899,0.061253291996056905,0.028666848902078445,0.016946069971661613,0.029574119141965245,5.235326127747256,1.0615888582143995,26.624721304093157,0.12216028951305606,3.445108284351701,0.024630875923361106,0.161663295157272,0.03472639386925328,0.008793975968676105,0.07114004438572036,29.714331948221155,4.491787536810746,377.1780140169534,0.6870518599811123,43.059924387465394,0.237187263426239,2.1152622361535536,0.35198072348740106,0.047892723364259204,0.9473764927789764,A5
0.0033247628623596474,1765.3333740234375,7.264081884932944,2.492064397845383,21.121825293052318,0.23288211169451659,1.138742674394632,0.06738470208851571,0.11224899226619942,0.05368985610426508,0.024746989367095674,0.03262961782074889,9.691998092348385,2.1401009895939658,91.48423968486478,0.13317602024932848,4.036915968430235,0.04389683339614358,0.3190191494374449,0.10972106725968626,0.012748772445869864,0.05789682280235401,78.17364407661259,11.899502696225472,1253.066134056539,0.9330494621636809,57.380304567995175,0.33381211119153276,3.746895803742962,1.318372957868456,0.07417495948811535,0.5811092021807228,A5
0.001329480678751304,1760.0,9.246654474252635,2.0881311195357366,15.645941966216421,0.2963308335263248,0.6351177827900905,0.10544727551229359,0.24503566311473554,0.051629597477540326,0.020698931746188646,0.05156899952542078,10.522862167491642,1.1060555965021202,56.19878723057643,0.18698967720624438,1.8655745036502653,0.15116816332520694,1.0521670520499566,0.07848792354287334,0.010933608463508918,0.10679044018584426,57.623076774687405,6.623213586479503,776.0171377754823,0.8742224945909536,23.315773499175062,1.3178627580727618,14.5541388454458,0.8211499828117724,0.08264962761146374,1.0246092796670792,A5
0.010197446613719185,1764.6666259765625,15.464473778438721,7.604219488753355,46.32258580856644,2.3485302795148524,1.229772084544384,0.5246573546206859,0.6874130498222576,0.29650426840130994,0.0551069894173037,0.1765698640754096,15.146630939461389,3.8899850004783696,157.68921694171422,1.426911432253294,2.571864737295933,0.45644734315553,3.319770118220413,0.5762834622335932,0.031222396253169492,0.48344558339232757,80.64645540297639,21.68452887274178,2219.8268838334284,6.600700755221136,32.40970291137057,2.796214900140572,52.377761685248736,6.572802514848128,0.18832307040886245,5.421814899314221,A5
0.0003936914136827162,1841.3333740234375,3.371325682079647,1.7693111355352,10.176590609082817,0.5796115038990867,0.6829951244050225,0.06067945898848104,0.1054768661646354,0.049123541323447956,0.013084014473253441,0.034378159166214936,3.751876367076271,1.0123143720555008,30.254297643189872,0.39883734893659983,3.792575344268737,0.0631686055027647,0.26336932654646034,0.1476835166618204,0.006892504631826194,0.1140119265301275,18.489734301758173,4.734976791191899,408.53136504366734,1.683642198706005,65.25260028788134,0.638099140595635,3.2963054489050987,1.6437878037301452,0.05140740498145169,1.4494204501610282,A5
0.00447136911760571,1772.3333740234375,3.4345768659835216,2.757301331652848,26.33193078731467,0.6335415017471323,0.6947019574469002,0.12580009298975922,0.18435213759498825,0.16358133548350487,0.02494011712516254,0.04915015584135308,3.146805908899789,1.7605326302542712,106.51393554480059,0.38949806061138853,1.3730048969781024,0.1765132915550304,0.5911740299758734,0.543606150894139,0.013655734228660817,0.12834238833397407,17.054453771994183,13.433519253241457,1382.5361337302718,2.2475917195716892,17.595122040490665,1.6563093182220692,6.463678232271302,4.971881460594631,0.08596304577843719,1.457832006754907,A5
0.0016185391319023111,1765.3333740234375,5.426328641958152,2.8174168635116623,18.448207493248333,0.7865361945993254,0.5978429630268567,0.1857257401339859,0.24143057062114007,0.10643729901869206,0.020011061156757617,0.05277693748593431,5.6486113423163715,1.5037812099911954,62.91179564495777,0.47748369194476753,1.8730780268747649,0.170554953533634,1.1912617781823756,0.20729683441551036,0.011254295454293012,0.12184960563589552,28.339129530518377,10.216069954038394,847.8313827378616,2.1253079822509466,29.816030052894018,1.3280097356218261,19.14067108730813,2.5288770207988494,0.07217252548374548,1.0190335031864846,A5
0.009458795356081285,1764.6666259765625,12.987573117700052,6.672927798168908,45.505188383501405,2.7892151084524377,1.651336448393416,0.6571884378044507,0.9800487804700351,0.3726111178819869,0.07744067837454875,0.12900409025851706,12.815392914533602,3.5505599359420352,151.8233694036077,1.4844855604671428,4.303467755077845,0.6140979402972121,4.683774995528797,0.73575192580278,0.04708236542290434,0.331132838906165,77.59495256321084,18.94174911466251,2130.543044010157,6.766546865164574,49.67338474359791,4.473691867127492,74.5077916533998,8.424772023753798,0.24033774851550402,3.6941911027270424,A5
0.0003946930269158382,1847.6666259765625,2.9465549797355672,1.79602573788942,10.194441133733733,0.5982929983398099,1.0840166891933194,0.06751190676916807,0.11581576406632745,0.06770360612587481,0.013364226954853481,0.021492950172089176,3.708227052395729,1.0876046206676349,30.14410647626585,0.36898233236162487,4.884830821891553,0.055454241803751685,0.27504506737630546,0.20529550225758747,0.0071485343804817926,0.06951703529272757,19.094917702182357,5.017511080040201,393.9638496120996,1.5910501476099401,72.81677344367264,0.43893937698674657,4.380172096887761,2.400003905835421,0.04544423188627114,1.0083454342167741,A5
0.00444449859114453,1772.6666259765625,3.7410426988823886,2.4694901222104124,26.044904468416874,0.6696203437453925,0.8851505752106049,0.13745099395876512,0.19739542235703872,0.2296544140496452,0.029892685975639554,0.03928227088264666,4.7791917600002245,1.6316201538450976,106.16183663602614,0.39644655043029436,2.4737623974548986,0.18858083617698373,0.6413757027523517,0.7782497280101108,0.017872454114148773,0.09811448959054403,37.445038738011505,11.231198223104505,1349.0339835666002,2.214507548423078,29.005646180135432,1.8193955526566628,9.570251893157343,7.007361201507808,0.11126521565857808,1.1107419275244166,A5
0.001498304956625046,1766.6666259765625,4.5411644597262635,2.5223851394671684,18.090662708124217,0.9428883053602876,0.7547061969243428,0.22996237451114568,0.3542018748407498,0.14080357381756559,0.028131416995349042,0.04200849181067033,4.735078873911515,1.3116783098852196,60.49076817245012,0.5171013105751192,2.4590560436306985,0.23172555613050247,1.7100026246832127,0.2969188478274412,0.017081958894025896,0.08807898001470922,23.371280670101363,8.45698748036003,808.4433251971728,2.365929896207566,33.74973268727606,1.9610820639446291,27.53784083286325,3.3494080006473403,0.10386439358455907,0.7183446633480075,A5
0.00857648670669068,1764.3333740234375,13.571384757911131,8.836721152304705,46.33255613618453,4.296718814835676,2.849085318126458,1.117845316122253,1.774231397512369,0.4040889508169276,0.16556928149418382,0.27987401796533484,12.825617398198023,4.516825702285881,142.89977448005664,2.087515208511566,7.020058853188209,1.0613826530573665,8.31603402194369,0.5790945007206381,0.08620270569325637,0.6331211241528091,75.22394768303077,22.668327994062587,2007.0505524932682,9.51041608405766,88.25890528574148,8.39937580403,123.8170304152364,6.638732671797928,0.4042705046430816,6.8197519302683975,A5
0.0004118157215649489,1860.3333740234375,2.878908836926529,2.3773379120048475,10.755621303410889,0.8512409249228167,1.6793566166604816,0.10970813702972375,0.14854699116611578,0.09198225863230249,0.027884113063073333,0.041754970950006264,3.3571686456835947,1.3259137227098772,30.34526913295682,0.40967531333405754,6.429203865123827,0.07344449612400791,0.37725580925875146,0.2106215404410988,0.014312735073959828,0.1274335148752631,18.140330284396477,6.25446544843068,384.1087566849795,2.056498163208837,82.81642931419007,0.4314162215759567,6.737112781258091,2.4985752189590285,0.08343439629345971,1.662627987868066,A5
0.004213507487811809,1779.6666259765625,4.240422177627972,3.6601137366052923,27.129702671668273,1.2106003994950953,1.7522386354895538,0.23360740990630272,0.33553334145412783,0.2528081328152888,0.057006101031192795,0.07663055034464279,4.617523367837037,2.5767112571962847,102.70346690648094,0.7152174289908135,5.187576957606172,0.2089495603149359,0.9954080273258776,0.711909575134203,0.03664560207266143,0.18499268167932603,29.02107999886922,16.049395572763714,1272.8209773663418,4.223740307374755,69.4363208412873,1.9787442003166793,15.6823503178089,7.442596228080205,0.20507821033356904,2.065329350945848,A5
0.0013643045748144196,1777.0,4.837332560919628,3.34962362578483,18.45052204210793,1.413897527644656,1.297857015795539,0.38911468488997986,0.6306079625839264,0.153514385055986,0.05933465499242491,0.0882591115804296,4.965707725405215,1.78863940558994,57.05165103975032,0.7515985728639418,3.640474812570507,0.3780343032599613,2.9696497185743693,0.2526082716493838,0.030379824785629346,0.16897890536318755,26.114685923175873,10.938853896728778,760.3124689504031,3.6469379111719853,39.44356792456405,3.3250840927744094,45.210495830172405,2.7498958693926583,0.1455657727002453,1.3598003245066121,A5
0.008544159825956934,1764.3333740234375,11.76706215561582,8.795804087996041,46.47043049044029,4.337466599788339,3.172538942808725,1.2384160713788275,2.203390509130699,0.3867803036821709,0.18257951453899915,0.3320419654955983,11.246740527423526,4.528372541384336,142.56270282996033,2.0516096272107345,7.943005858600145,1.3107369423954118,10.434862839190949,0.5244333248870162,0.08618290199365136,0.7305312347639508,68.37589914678388,21.264453811361793,1859.0640036534846,9.512850757291417,98.09695947185804,10.777780527605666,154.50225782783582,6.562380273796294,0.4275301260668795,7.825025151495152,A5
0.00041997833512012837,1885.6666259765625,2.48080141554334,2.0537702840198238,10.775816263050974,0.8651337721120762,1.8333848281530807,0.11830690858020801,0.17033535347059128,0.10031488686177702,0.029502673584113938,0.04903631500642905,2.823857796127545,1.1779942428078907,30.64391672103198,0.4248339290169218,7.037816080428767,0.09124701105915553,0.4079247804069768,0.24716028482863817,0.014695683262064605,0.14721952836607952,15.699094915089747,5.150667056657834,386.3694012465679,2.094629473374189,90.70848183837923,0.5037137895332865,6.494349511404884,3.0793755628975727,0.0817995581221864,1.7873296939519565,A5
0.004481856738962134,1765.3333740234375,3.576480257786994,3.2299827352260224,27.395648286442906,1.206769492640326,1.895823215525098,0.25461039580723427,0.39854345647646355,0.26511668783765246,0.06173406762785424,0.08749369218333373,3.728299534109535,2.2747073953366543,106.1449457316836,0.7237345859389408,5.622474155690389,0.26001853767509686,1.2209760919281483,0.7432558375280202,0.03881258030249116,0.19945558150094336,19.28602052984354,15.025860713629356,1393.6905378106524,3.995907376229263,74.30212136679454,2.3393348737085695,18.98775176376302,8.338994160249914,0.21881864227111683,2.2748877797117806,A5
0.0013781156611753712,1764.3333740234375,4.139340684193781,3.275728075965975,18.521027404403114,1.438438289398943,1.4290733625639518,0.43214428412566336,0.7789093799477331,0.14984025975405743,0.06510444503172241,0.10449288038856165,4.366717323078115,1.695197117307853,57.35848846458683,0.7477798344247165,4.064820593605354,0.46873273480720784,3.7220499288363778,0.2563372562772659,0.03022686096113483,0.19895763836922623,24.76630538779646,10.345035686160625,749.8794801854633,3.547755938815244,45.123544068966275,4.177397714458259,56.959047115315805,3.1800474869414224,0.154526401254997,1.7852168202739092,A5
0.008430247597421137,1765.3333740234375,13.148369557023315,8.677445793822729,46.071486092289746,4.449013540853446,3.1733477513073547,1.2472232308279072,2.210029212418728,0.4002267159046775,0.1871010567398752,0.3366942214778273,12.802377981324454,4.609127244518336,141.39871671162814,2.1194187275161163,7.828449767429078,1.257777450420011,10.354558083824813,0.522240775410988,0.09161571076588097,0.7328933849393675,80.99659156204362,22.27349046094418,1982.4139156353579,9.886432953642942,99.16241501959279,10.101284834854544,151.84484530535488,6.121777567693357,0.4565741798106588,7.853935919085367,A5
0.00042480767639028794,1853.6666259765625,2.869690072349981,2.228299393998602,10.879983765525465,0.8895025371226761,1.8160668623287253,0.11899362012753169,0.16601087180806717,0.10076140867283923,0.03051392394165267,0.04880358050118412,3.11162947421266,1.140586297221273,30.83861601480691,0.4355823610870824,6.701345027862583,0.08451823412724659,0.437970065141254,0.22850518387658073,0.014520990863575408,0.15232301460705222,20.646855087928227,5.320001220118763,384.6462308598713,2.1453577533230854,80.94921296582832,0.4930198279892325,7.721557095533251,2.942413261708603,0.08183000569074128,1.9245416422859458,A5
0.004239656253834953,1775.6666259765625,4.623196827836166,3.36052564881612,27.267261347703876,1.268639755957172,2.002957346787238,0.2674238598961911,0.4136372163941186,0.27836362113672214,0.06403547969859845,0.09027972101575342,5.7276436828762325,2.2055102097928647,102.91019442915541,0.7156369186073827,5.885721731962545,0.2468509924838273,1.2840279307829625,0.777664996018232,0.04043898430242036,0.20338351875622077,46.954272245380096,15.660338270378253,1258.1530868138013,3.77547182763963,79.20360835944207,2.159555958529785,19.649197863164115,8.352528687030713,0.2139455466334822,2.228112319946375,A5
0.0013444544322587936,1777.0,4.539717402335528,3.2430967531716033,18.39128889612594,1.467831583693628,1.444872643185098,0.4335939397352034,0.7781151661185096,0.1563016314083436,0.06729283053128617,0.10609365775566947,4.687308241147122,1.7226618505544895,56.5673130363439,0.7615329748278412,3.9269684261452937,0.4506947986004102,3.6761853755333656,0.2496818029714166,0.03335171233513907,0.19470949194586248,30.095271230466743,10.809454438385966,751.7729359885561,3.6985148568903545,42.30385738167163,3.9834676264302944,55.258096316258786,2.597959271644023,0.1651160632282104,1.592626746745594,A5
0.007324318740561201,1771.0,11.736078677899679,7.62978542840386,43.516956417996525,4.911438075804684,4.257664375650208,1.9193401804267347,3.8153619360138245,0.8069938377075702,0.2748187791169909,1.0482710946740925,11.44560375768596,4.158727581620572,130.26115453625954,2.1436531791286018,10.561892757827998,2.227447433095252,17.404544695210735,1.382801978231317,0.145760903368429,2.5386628360103236,89.07292389250956,21.174879731047614,1814.6992359828255,9.855421367737943,129.09756487663782,17.880993383698957,251.9868476661622,14.970162195945749,0.9861645812857408,26.22784061860258,A5
0.0004315773753372197,1911.6666259765625,2.447506176330751,1.8758598115700595,10.529163792505466,1.055904504640615,2.150567124474113,0.21885463477879763,0.3238188074665864,0.1959544959233321,0.04402204666227014,0.14649056579720734,2.857781213330691,1.016118297206704,31.052445845809807,0.5004596362906902,7.5764788324439625,0.24368431179090047,0.7981893278993798,0.5515558169968714,0.023841004289905078,0.4980762251511087,20.03272499109653,5.32111069082157,374.03823391792065,2.329792100487464,85.30277880121412,1.7081079910015917,12.564750768944734,7.144956680069618,0.12032280240767039,6.258140347993296,A5
0.004276977204098178,1781.3333740234375,3.8303973432458247,2.736177020749169,26.4667689106553,1.3824704284469953,2.498805085535702,0.37765580303596125,0.718681310057531,0.6681203413232318,0.0887684276272367,0.26514493908590236,4.650790703135607,1.7437749208920479,103.4688415156732,0.8713480361785597,8.06707702475154,0.42863504704736805,2.3337259215172153,2.166943792071309,0.0520745132177057,0.7776446682137139,37.305453666049424,13.003706429709531,1242.747174178761,5.446847817527113,109.44575602248655,3.7139643843311063,32.85888853827317,21.00215460524046,0.2533747280344189,8.120998602878727,A5
0.0011754554125289233,1805.6666259765625,4.098171629451339,2.8589084996704943,17.24344799043051,1.6472263866002113,1.907657672360044,0.6805117921250452,1.3351067912371497,0.3414303240618273,0.0996631044903518,0.3261152635146564,4.168183228386113,1.4587774434227097,52.39591837970415,0.7999541373024901,5.1453954057560445,0.8394277696794469,6.165613260539889,0.6998903432824499,0.052414212296320144,0.6954745127969576,31.03731768667837,9.306743945005984,695.9661203754563,3.651904647084593,55.02780831093965,7.6440891283855485,92.5271025726984,6.784623606587381,0.37654556702780123,5.802568181505101,A5
0.0070324009546454585,1765.0,10.929280169225143,7.192512541888935,42.715364867839384,5.04971529035514,4.298650140286303,2.000894277181044,3.9117229307669104,0.8749691271977854,0.2877848943547225,1.1871038387768966,10.079715475378146,4.365476820849632,127.49419874693842,2.357440519829695,10.76337961934753,2.3551377478004025,18.00365704862127,1.5934447914496344,0.15922329341019367,2.9214910206264455,64.13941403159832,21.23403500885458,1686.1020681818752,10.504419300247145,129.59886099146408,19.144743613247957,265.17727302595864,18.301109225720953,1.074824376132846,29.7726046809103,A5
0.00041732463007996504,1889.6666259765625,2.275882012718424,1.8689858906947754,10.391730725900786,0.9941969479687734,2.0526849161561906,0.23959887589110324,0.33294630608129755,0.20295255135962922,0.046832106390287925,0.165710513812855,2.637707384294655,1.135303769730114,30.638552725768076,0.44282444434104795,7.091577542009688,0.28330202997663384,0.732604301943775,0.5739874270753413,0.026219860259935685,0.5749860350872076,16.942207394275922,5.1815644931252685,375.5933885515173,2.205414864992897,78.26333982178184,1.90265613174641,8.881221865445383,7.372813980686138,0.13589142590625725,6.593282390712626,A5
0.004249480412899428,1769.3333740234375,3.4703374783108036,2.9198845480859164,26.62109007553989,1.4065109060155125,2.5347606640571287,0.37629850286853034,0.7486245436227958,0.6896673740961512,0.09527457343452332,0.298295301684719,3.6312955666442397,2.0118915275967812,103.10499361944498,0.9366108428698819,8.017578621476503,0.47465961008927504,2.46298916877052,2.1555415080644917,0.05532985089988825,0.8692524146625877,22.213716623574246,13.304816381296238,1321.884829430671,5.749539388830487,107.58086068292445,4.263260875297672,35.06084144330731,19.754279787190345,0.24976428245818327,9.191732043276733,A5
0.0011382764029847967,1776.3333740234375,3.9889394859259126,2.678368563109285,16.963334547254817,1.6735595977712399,1.9285061142202078,0.715051399917607,1.3761995976485697,0.36369541463661875,0.10506578772486366,0.36797820835838096,3.8933156192008656,1.5344340742429825,51.49958219640208,0.871945091405747,5.224466317716396,0.9005157822057125,6.405325504373587,0.7636585843492458,0.058621859211398605,0.8092309750472987,21.78116932994078,9.087766839388818,676.40078096126,4.22725763691145,53.68934735987564,8.281538782323558,95.47506210350836,8.42055022554939,0.41665558944121417,7.1073912904410985,A5
0.0059664099086452664,1786.3333740234375,9.674307227260332,7.3015940401884105,39.983610604718805,5.514055232648932,4.577638545573498,2.549643313968313,4.631018405330452,1.3419756886979572,0.3797708164957334,2.0569382929263864,9.886064772919704,3.7071264006566595,115.92262203321205,2.3240369974344883,11.217459354064088,2.9810548377063237,20.489151903332385,2.4174281487098,0.24614389407825887,5.155478762260178,60.779315225410926,19.858285565860815,1612.6025420925246,10.60576369406502,127.18600264286792,24.952083230659504,295.6244846179913,27.931933389822813,1.6286041134586586,50.337746527569884,A5
0.00041044090630642323,1887.6666259765625,1.8254836248826596,1.584535257333456,9.96146436508049,1.0557144317749978,2.0101286797442355,0.30339658816376147,0.4166506155492617,0.2961485912680799,0.0626726462464103,0.2864085206288704,1.5996163634633882,0.7979404283032299,30.63827998943869,0.4970023050991779,6.710788220242363,0.37926655219786126,1.0025097255788158,0.7755058170279232,0.03980184854400229,1.0025450202029387,8.212690928828314,3.9245146496304946,362.0035430154468,2.575471965900111,86.69085118329912,2.847281535269938,15.455722308553575,9.803122045939032,0.22537747437157477,11.448630130365014,A5
0.004027979018433603,1781.0,3.119725868748872,2.79261842132957,25.612626514589433,1.5692938201380167,2.6414301854826654,0.4885006783554983,0.8708613259413751,1.1304543862440792,0.11714556484702508,0.5030047946515199,3.024206128728136,1.7299202584597089,100.28293495686046,1.051272549598261,8.72797164530421,0.5840345993028552,2.947962248787931,3.7405263481395834,0.06672084688799648,1.5567345459901964,14.751468372385146,12.596652932474461,1196.438554365117,5.747059459843566,119.17385556845885,4.941563853082767,40.84744407905635,35.85015381893628,0.3150350654000052,14.407300087167313,A5
0.0009146671193751496,1807.6666259765625,3.3494650986238925,2.6872302861674435,15.542630472355953,1.848207475126431,2.0329192028124985,0.9081802517277519,1.6096110675866222,0.5707011328056764,0.13809658397944283,0.6322291397681625,3.2815271544059934,1.3852976091134452,45.60716169746598,0.8833356336351046,5.444164717566653,1.1500105972308257,7.175865899486015,1.2246970786787272,0.09425318194032298,1.3929317357576239,17.7912792577782,8.705147486369142,616.3211024009244,4.50492636690565,54.913255082482564,10.724311691298848,107.6101788149172,10.437262675075415,0.6526082983438886,11.8324444625056,A5
0.008668401952980518,1867.6666259765625,30.958485064004723,19.46355701241055,20.82931765959279,12.906708150352433,9.178570911381431,1.8609132009092328,1.857616668673884,1.7016268168703268,1.7294831960977157,0.6015436227816606,83.96127686525037,68.5464502320428,88.47846092654439,40.61452813065332,31.10747207495052,1.7760757448297357,5.897882909932295,3.7277563927809707,4.551247725580141,1.2833736500715551,1474.3162270222454,1053.8805631036184,1497.2855843210466,650.6821098417378,498.3714946144403,12.261967728835057,112.16662284298457,56.51445444280334,51.244981651753356,16.10278085531666,C4
0.0019632054753906916,1746.0,12.529600891653097,11.417171889161041,3.2589143423540197,3.3784338453214597,1.7077482750299375,0.27472154389136894,0.5176285863920689,0.3794618571004265,0.4454175146342411,0.16455678192615633,48.54265834793388,52.656590798628756,12.309856862960011,10.072851863828514,4.688377469117455,0.28502985454726065,1.4677330748651105,0.8345050742700868,1.3908527433545301,0.6531020038235813,773.735400944691,872.704905558387,251.32323581481867,148.3523560248176,58.89446984178194,2.5601645447969625,20.219667634702844,10.237062232356779,20.325616768335742,9.628572721745584,C4
0.005482957915903427,1220.0,21.904015349984455,13.877546150215199,9.556130320048021,4.199762747842793,3.3328071799038406,0.4969645531335891,1.1443179012544387,0.6044613868631412,0.8070679322762079,0.19349085662711352,97.04988794048504,60.09070669451798,43.95607923619274,12.528807788201927,10.978253164696735,0.6429151228754101,4.501195534567077,1.059902712079151,2.0288492506796185,0.7174137105636268,1384.94342183885,1144.9145567657472,819.60084865671,173.17966318105982,163.09789262136815,6.186738283693765,54.88466468879969,10.849865028927699,18.864421572811338,10.529250396099366,C4
0.0010276930013090213,1650.6666259765625,9.85241890167055,7.8873479049280535,6.793056876717928,5.158335693995031,3.1465271199593037,0.6405179275709503,0.6953705784479837,0.6209786153186738,0.6029984519176581,0.19013781962525106,25.538599801312486,22.161024593882388,32.916142413004586,16.166996672983537,10.6780703383758,0.6606193711005672,1.9860354611794024,1.3516775760969486,1.6721986796116053,0.2990257415754877,372.5969104584489,389.47164255051484,647.6001062219237,253.8149768337406,176.14053364790112,4.818987034369664,34.761737145561575,20.180107816559993,18.579703179052377,2.542475753834948,C4
0.007851954988031018,1850.3333740234375,29.282875281090952,18.47848978766976,20.141650607095393,12.14339311850506,9.194654067348983,2.1287461889083223,2.4642940610168247,2.118512934546064,2.418323974009538,1.0989431819061155,78.79441028300519,66.3053535065663,84.4208047539826,35.30791634793298,31.656772575316143,1.9829828539367813,7.431992212123422,4.083396666676444,6.059447527900873,2.324766658670456,1352.704725178522,1011.1552434737159,1333.12498775455,542.9919360571527,489.2031749303189,12.318254950872722,142.67490964472645,44.644093788566366,48.526107722513,25.155250806235713,C4
0.0017810000024466414,1763.3333740234375,12.056543173131102,10.98349591811114,3.3252103400712616,3.3629903147237887,1.670483847895791,0.3124611086565565,0.7273022117394952,0.4528760023566983,0.6436182840169844,0.29286445956318713,46.651648284453856,49.36563671929296,12.648385644164524,9.665437742148033,4.4384521088620446,0.30114539538893104,2.1204005355132813,0.9437517031348027,1.8025284339160645,1.1600923310387619,722.5783105797605,792.6162054460237,222.09194776156647,133.85864465491125,57.60019907204761,2.396489232189265,20.059337788255604,7.5832655319219295,21.770194945056947,14.75097435025382,C4
0.004932846092540823,1272.3333740234375,20.340907152984126,13.342029621977206,9.064734433779424,4.187571893755614,3.3077467574149155,0.58698086648529,1.6356505571942141,0.8443744939383142,1.1806885584782745,0.3899537756181698,92.39360962767813,56.94571088295124,40.743209652254144,11.739803224690794,10.442710944917474,0.7333820667181122,6.040780967834428,1.3978678756445073,2.780536960051478,1.339818325078883,1353.7799686730762,938.904257039908,724.3609076632374,119.59150406647642,155.07967635725305,6.550590736638215,63.62500418645407,12.169960567551655,25.241176768962603,17.37601409185748,C4
0.0009294261617276909,1627.0,9.389049321702464,7.733358892445296,6.299437647541906,4.903174920798177,3.0872032751751086,0.739019682849414,0.9398396452150077,0.7680990625080582,0.8668686123165568,0.3565501761552727,26.26215871193064,21.911904084046753,29.616887014785636,13.97098985036335,10.46338865420029,0.7386597090505109,2.5553678887770386,1.5086379287816771,2.2862506217568854,0.6330791093339387,362.7365997553786,316.5515236204469,576.4864364891694,204.14323008098086,165.67683579676532,4.937471744682406,40.00614925596681,15.945124915335922,24.662935128900816,6.098349557383075,C4
0.00859923359351777,1239.3333740234375,38.07802773227854,13.095246735612266,12.442613164240283,4.1621870726250165,0.5633166994812036,0.09442875907451996,0.11293694447889426,0.06863565596805354,0.05340128891056165,0.03532510381363899,128.3519203575992,48.64755865814035,66.31349246413545,16.592086748461917,1.2199754774561185,0.10310023848696297,0.2956059313325716,0.1519477566120709,0.10616345377738505,0.03639711854627054,2267.874253272032,862.8446426694622,1163.0134750045852,308.35398784482214,16.295441826098763,1.7690286428508453,4.574390108348824,2.726903733403759,1.9764348312731252,0.5092984192841259,C4
0.0031340240781521423,2121.0,18.44795521338523,9.234838747158426,1.3779347858349218,1.1023082816466365,0.14434284774894193,0.02852436939824705,0.02436788645985749,0.017284647600303887,0.013671118212339786,0.014809090521880163,81.5512766787483,47.17258176145258,4.98475116887156,4.233865553941808,0.4945323736381809,0.020041863352595512,0.051517113128474824,0.025562756482972588,0.02134533787200194,0.02661137407777563,1321.743794434608,826.8336370246735,89.5831227549934,69.46455972620728,7.969105829167342,0.18117682976636457,0.7859229317488253,0.3823873646013482,0.2969531936679032,0.2728597971721766,C4
0.007914721886836713,992.0,28.334721795225654,10.645433330252681,5.923629411010917,1.105664364723565,0.20208788747995193,0.05096913215591375,0.03996841985653102,0.017942346174800474,0.01865541352776821,0.012944254127517825,139.3803476330611,45.74690606612591,34.6456193385369,4.562902461360122,0.5482827991525882,0.04896372000255534,0.09345152718127525,0.009435522475361746,0.01576758836126718,0.006340159654427606,2026.0201594672697,950.5058470808071,614.1258801187558,74.04711402730922,7.4407536744714475,0.5525365529636131,1.4866485411909443,0.11230530974506309,0.15269889256850588,0.04373528113532589,C4
0.0009097138162272484,1317.6666259765625,11.755079474244726,5.58603030372842,4.286650279510394,1.6227396475312612,0.1866245276406655,0.04045511331273684,0.03852055895312068,0.02610908028924863,0.020391951178313078,0.013802610119151716,38.01972004007157,15.852023636578137,26.790003010043932,6.404546427826281,0.3199472675034443,0.03816872687193708,0.08234528085872501,0.05164478432988474,0.03524430171601898,0.00922814158794,597.9797831348068,329.2699466106832,475.81021100651986,119.87133013372757,3.904417148150941,0.6687943758688383,1.3394635090633034,0.9369853052751149,0.6546074416113878,0.09145555460469708,C4
0.008881658244021661,1274.3333740234375,39.47780424763843,13.449552900183242,12.147653439716148,4.217400033507126,0.6382500699172609,0.12341792158071008,0.09527493678606869,0.0657612984956643,0.048709321558089914,0.04467043391651795,130.74668769353335,50.47285319809155,65.73367028097395,16.995801304272067,1.4943082499200493,0.10642544474966571,0.19711423025823085,0.09207289319421103,0.049565991949191264,0.05965625215556703,2273.123538752566,890.4565304182771,1158.330026995646,318.7318372830209,23.718565711320142,1.4590405524803662,3.9890476830982964,1.6854570053195352,0.5744127579680816,0.7672562667280314,C4
0.0030406661555942207,2100.0,17.97867850135362,9.585165809214832,1.4612338298962366,1.0776943712655944,0.13688969151054015,0.024419495336863956,0.013841613084406035,0.01448679176970836,0.011294617819215935,0.02108201394279822,77.5145631145953,50.66667695423132,5.61028637941,4.195054850720256,0.49610556666643846,0.018196622038957132,0.008602137502232472,0.02202913899633914,0.014359671737582963,0.04470290102458867,1240.5464684713857,886.8224570516919,89.92544870997554,71.10752113576501,7.646259444506205,0.1222714486073131,0.10516522691166745,0.3307214704162534,0.18887422667787568,0.5757890395548381,C4
0.009016927066804622,1008.0,29.55088262160498,10.79735263145389,6.050659675105622,1.1979074050107794,0.24056835978412966,0.04384721167651295,0.0254290384883268,0.015187860928223796,0.013285738875096263,0.011780769024711181,148.48393180414485,50.5203399337286,36.50511233808423,5.123107549741965,0.7954246448881702,0.03897080465088052,0.04790919723102185,0.010514192033010836,0.008039950130207875,0.010624512209668646,2189.6592344783553,1058.3790492130154,651.3736483136628,89.91191184525377,11.19946212881743,0.4143205651872343,0.5894439412837453,0.08863331431956845,0.06652520859305434,0.12039298244246477,C4
0.0008898636552234926,1355.0,12.10658449221194,5.329889194614401,4.256939614683641,1.6541161203556727,0.2091383381868445,0.044866021198415665,0.031137278773849565,0.02235771819909195,0.016750037855567383,0.016100233498159082,37.28713857727749,14.772520544158604,27.13431052855101,6.651740348929362,0.4101614433495475,0.04269945028178738,0.05804487947466231,0.030301585201617725,0.017355797615246613,0.02328946597314526,537.3871717740168,316.5598421514918,483.9605916071296,125.78101268806948,7.576164297037877,0.5383069830638872,1.2222144549442393,0.5588296971261688,0.20994640129021322,0.3287631760041579,C4
0.009111953982775547,1315.0,37.29856186076789,14.047451821676209,14.165011361037333,4.847922677091056,0.7160582857036999,0.11307354680843905,0.11563074585766962,0.0854693650438456,0.05687791945343425,0.03204665668296556,126.72885918894264,53.17168084108005,74.8504074042196,19.068668047493468,1.4916143113187832,0.11250196938194972,0.2689335148219366,0.15194960133729932,0.10375774957750669,0.026100742075815298,2238.0193159878945,933.6420967350775,1312.6959097046433,352.57173228110724,19.15928608805016,1.7913078806514366,4.392764347682419,2.5430611750784906,1.9013673739222607,0.29641760980325804,C4
0.0032531357421945115,1885.3333740234375,18.362739224959004,9.962818772266713,1.6678871298664202,1.2795782001686873,0.1696272832237224,0.024216198863156582,0.029967649900998705,0.01912972411596896,0.011826949113750589,0.014049264671776807,80.36429397818186,52.04543201945114,6.660961774188659,4.755399671771872,0.5940542275872815,0.017042796279742804,0.06937096973882219,0.027352705207644497,0.01697458283558384,0.021912736677893657,1302.8910676238745,918.9005378531045,99.78768565761071,77.07626002274701,9.715505546925346,0.1500770553167973,0.7327528545206156,0.3201262753044432,0.2866081588045531,0.2183417518142012,C4
0.008527390024836856,1030.3333740234375,29.208138966191807,11.234523423632737,7.0836110497149605,1.40644868599631,0.28988245866921225,0.047473478115646825,0.07279771006146027,0.028160410847003447,0.021094608043659674,0.016337014082281814,143.3540963724729,46.73352746013792,40.969225717719944,6.057790056390984,0.8472896406098382,0.035787778743505756,0.2355215234712534,0.031132155864185083,0.014328669402673504,0.006698236570884215,2094.7154750528634,974.0739096588974,729.054523388771,106.46227766181852,12.869213785476914,0.3719999361445081,3.2156267143569175,0.340051817700611,0.18696761316568758,0.07912283852216541,C4
0.0009341235498366476,1393.6666259765625,11.300725857718328,5.764832059302251,4.8869845036861825,1.9197878026259838,0.2406140664111229,0.0477097674370904,0.0439490665735209,0.03377284348150118,0.022765886685095833,0.015373731483770862,35.941151449553715,15.504198304243674,30.243848571594768,7.6252133711590995,0.4097181794566666,0.03878350267209495,0.08938577745046393,0.053054569407413835,0.03180885693291496,0.009999964004982268,542.8040637632712,316.15895412202286,536.8108099430318,144.1693734286454,5.541874106585095,0.5060398515910869,1.4428653400510452,0.8570220764722811,0.5887646259886806,0.12247521803400165,C4
0.008711989067176644,1200.3333740234375,40.65087779405821,12.91374211640204,12.264754869165712,4.032666100625018,0.5847596709166744,0.11958291202192378,0.11995108174267811,0.09269074490407538,0.0615706833284718,0.047265834921194114,129.37248583392335,48.536524729860304,65.82051751037166,15.835941094897493,1.097226797364191,0.07445113775161134,0.2157269719843083,0.1570251163778452,0.04857010119949453,0.01993324475248046,2280.6366686402243,874.9756430648359,1166.30365023954,291.00219336212945,15.24713414805463,0.8132813000335454,2.757364655640913,2.852538227468869,0.804063578365593,0.11543237544642494,C4
0.0028862950781362666,2151.0,18.826124555557023,9.30449110465626,1.5173755758224858,1.0601446553027123,0.12409633306039944,0.02616236663509421,0.020585522559164935,0.016489536995751137,0.009196650796432828,0.00796536404823815,75.92589684586456,48.273453930560336,5.795159325298409,4.102333390927448,0.419175336011666,0.016855321527905108,0.03802339153351164,0.026950182917545393,0.005078728172698444,0.004176061594887544,1213.3497892013886,847.1158899936072,93.32277946745117,66.73824414913206,6.50580276449706,0.12988116597584012,0.45204925259095813,0.2765706468510187,0.041479349613543964,0.0339185688647461,C4
0.008732836133218519,1014.6666870117188,31.36156682008168,10.160769797886768,6.0686746225218,1.0855413677285086,0.2082894659047293,0.039794000222318854,0.03663253850595721,0.01747028311623667,0.01438580643025561,0.012034126346355502,148.98061347605304,39.91458980624306,35.46024369598412,4.794769745799302,0.6506288691562476,0.02418532772916105,0.07323048886601446,0.01009250591865001,0.007628852436182963,0.006091254399135187,2166.136434514643,891.9601572123394,631.6837747851727,83.68218311805981,11.323240985295831,0.1555772974930728,0.7503002889523862,0.08821025127839484,0.060302622816777375,0.03674616484706139,C4
0.0009659110931553796,1337.6666259765625,13.318134271839766,4.959042487414259,4.2768746524305294,1.571550145657465,0.18700302471666577,0.046977110422895985,0.04160374828079721,0.03340948999978245,0.023051803348960773,0.017827622309493907,41.14798996999945,11.755467361152784,27.00718220869859,6.219639218784933,0.28539849790081745,0.02628415437743191,0.059242332308006906,0.051478573021787516,0.016184883028735685,0.007490766011236379,633.3088309137169,262.1741535861751,485.0748254092533,115.66836546592135,3.8851212741780414,0.26153904186717075,0.8848534068640369,0.9471647815460106,0.26976361299171864,0.04624903134209594,C4
0.010297014270261478,1448.3333740234375,37.46561319481523,14.883283540716125,16.54934977722343,6.4035342428149065,1.1722990925061265,0.1168266970715203,0.09564881179889802,0.09951650904764818,0.09362607350476508,0.028779833973055693,127.62335836071676,54.470708667259174,89.97988288764155,24.481738763598045,2.6882250571465294,0.13563452012055696,0.24680830790586697,0.23569247099532284,0.24603688841582005,0.02554485349455486,2264.868005776165,974.6404266491346,1575.2597669069567,444.7143475852411,38.39782319164061,2.1685312798293306,4.687920691578836,4.226911069154028,4.534407433401552,0.2866015174336546,C4
0.003342596094624836,1626.6666259765625,18.137100297899252,10.83259851293209,1.8767677428673581,1.7042843917780155,0.2562498618805335,0.024705902998909828,0.030335379919579592,0.02221487320169421,0.015396948912960274,0.009044086840467917,79.13853163062925,55.860273084747504,6.524481531023794,6.175468563284119,0.9066291063656637,0.01871437617482176,0.08001656932547743,0.04962225207934545,0.032601995905044576,0.014149327235684123,1288.4929722847876,982.6168411996014,126.16856513318923,102.33102234918668,15.209717097659556,0.144728773374831,1.0328158788033666,0.6898374023923154,0.4995251343920293,0.1763838975436055,C4
0.008839480684472415,1055.6666259765625,28.155170505121024,13.001919672237221,8.07549833187046,1.719997335142328,0.441713685158934,0.044628691539111975,0.08791744728583428,0.03186700676267665,0.03821955237566466,0.014722173510616882,140.071317017038,57.5215151498729,47.773169935659965,6.538129111765009,1.285076751914103,0.0368778033745691,0.35614172524072363,0.044466973857572666,0.08347757540840937,0.005698517204046255,2036.617957818504,1195.295988753822,851.8120790340384,106.5719440025928,18.433736997090488,0.5670242890328595,5.556727469912189,0.6842579864107063,1.179481363782001,0.04285687572272998,C4
0.0012308815476802677,1414.3333740234375,11.725235757193387,6.4415477526982965,5.7195761333656865,2.518028570391281,0.37512057496792034,0.046817657960171864,0.047369307414203345,0.0381139830867755,0.032400898339589826,0.013050659703134133,39.24510612248798,18.543763546221218,36.545131579983135,9.558790865393972,0.7566622200487877,0.041135425605077706,0.14571696678943422,0.08088311315711677,0.07065623326926036,0.007448837385751907,625.4554190527481,384.69519148925616,664.1019397891259,178.62780316541136,11.663178593111201,0.6621162871517206,2.65668542179789,1.4732362892384439,1.24783868119825,0.0772151337016146,C4
0.011456894937373799,1364.0,45.33610878222784,17.606734235016383,16.46189426161846,6.391997725803418,1.2470489990461884,0.1633247872106597,0.14944366948228932,0.1288517293627498,0.10365229109556909,0.06307097116042751,142.50091896153185,54.467512768533844,84.12611639509944,22.561615466977997,2.5294431528530525,0.12228353444404881,0.2563363692141249,0.16626305607928926,0.1503800577959146,0.03895397985872435,2522.220944420654,961.0026289555844,1446.014562153537,432.1365457786158,33.565204306151436,1.907873656323282,4.855302628866272,2.365086016081911,2.5237259048015273,0.3474518308731291,C4
0.003337969012907245,1568.6666259765625,18.98001567039136,11.179317693809724,2.015909676983578,1.6097210848285368,0.2589397449813984,0.04352393291433744,0.03818268006948728,0.033191144200393305,0.023810604203805957,0.016560911132868054,78.65263481258138,56.0417450548428,6.899511863262406,5.901607854384282,0.7897514038775296,0.028495430513940108,0.05949921177993946,0.03939146074286428,0.03101542900913994,0.0095885494962153,1275.005904652196,977.0384869922102,111.62559777356648,103.6212395603976,12.044319867338295,0.2954254882042787,0.8759874284486406,0.46791015801308516,0.4870510692045423,0.08804003791412363,C4
0.009062042083017531,1045.3333740234375,31.808811562303486,13.193419263994885,7.773526466869813,1.9048357583489277,0.46488644395116663,0.0633173482666612,0.07032757972142138,0.04289666617903567,0.03529481949064497,0.018777356246193793,144.8030628108865,52.95703208320871,44.15131795284198,7.186505036312557,1.4346465186044304,0.06952202863438206,0.18128551496740442,0.04306783881465186,0.047277281666938904,0.010040813148254264,2151.987309174949,1106.4352893513772,770.8111613020552,124.17154888334962,20.790444283892164,1.0853824998455162,2.5589314595616437,0.40292065174424696,0.4456708090387613,0.06432274719785723,C4
0.0011442613599758876,1401.3333740234375,13.837738284062182,7.12300537345902,5.780344001293893,2.5145243575600644,0.41214697711444354,0.059303686694155734,0.053654709963795524,0.04678724836116493,0.03666178764284938,0.022595687626847608,38.76094201667189,16.212159636266215,34.13347532054458,8.9537964110419,0.7717630083301078,0.04830126080407725,0.07814583436404941,0.058106745876990634,0.051759525180584284,0.013335196885417967,585.831449197127,323.2917911440348,606.8879862422077,172.15905314508336,11.142105010177016,0.6678402184664123,1.6498666700954863,0.7880851208498553,0.7788307508027138,0.11657490740006002,C4
0.010633837660046655,1568.6666259765625,39.012958481578835,18.822829872748674,19.837225726133372,8.928791326005792,2.191200534072552,0.19282483909710887,0.13815666711011843,0.12152973591197501,0.12013140727389583,0.04753610311197665,118.52286067493758,57.81577144455503,99.32828602104942,30.896999820893914,4.716878233781389,0.19636151906796287,0.31313594747093176,0.16376766826324235,0.19624324560393375,0.045849929224039174,2134.2030907494695,1030.9431248848482,1756.7924768743067,582.030617040979,65.48426112959673,2.1990495111778867,4.030607784396609,2.8140498567691328,2.8702969405805083,0.6843373415153973,C4
0.003193837730897469,1525.3333740234375,17.828791253795462,11.736335205659815,2.387103914465735,2.2670947353048008,0.4526178853862666,0.04039716531073062,0.043953325407469705,0.03158506769301374,0.026184730756067472,0.014289846656846393,75.37091597772375,56.41541655171154,7.798734514992821,7.825344196117762,1.481111630587779,0.027343880155912523,0.10125218562949369,0.044972566786375165,0.04786511967991679,0.020307487905492947,1238.6579902264211,989.33522837037,159.17748082155725,133.08856351760318,26.161611965225962,0.21126774906045995,1.3773714808480675,0.5723572832125131,0.7357144541642254,0.3180426653708951,C4
0.008140421899213098,1083.0,28.136308821780776,14.178853320240151,9.236054740737474,2.53146178346416,0.7140741261276676,0.06677661829342582,0.1026713882333186,0.0450527363451472,0.054868297168406154,0.02016304793583485,131.85028543196555,54.81533852160862,50.784936198344155,9.010767062956337,1.8854373054121394,0.05654855556967749,0.3937470261497873,0.05017312917178519,0.0947623868624016,0.010447465096273431,1924.4926402362744,1141.3776494570639,919.0470697021176,143.56343502245358,24.987540637784747,0.7897200123650374,6.475236092740942,0.630772017401759,0.8117953383118075,0.0945783394927924,C4
0.0013046673062230513,1455.6666259765625,12.07718893219165,7.887805074931071,6.8539752098404705,3.4488187035629303,0.7093932023489535,0.06848387655560051,0.060322984966720415,0.04596045737940909,0.04289370534896919,0.018141480421611116,36.180677212473974,19.125346382161098,40.312586306501586,11.665170377311373,1.4088792565913466,0.0662503306728956,0.15754893244471344,0.0596063291199782,0.06802226318961803,0.012477081563510718,581.900354250991,392.2418591610765,744.531884378926,221.90812896463044,21.23446946552148,0.8166217264018781,2.814836962659926,0.9128029761958867,0.8056955704298726,0.1218375085610598,C4
0.010438318735472464,1589.3333740234375,39.518398730071425,18.697575437889764,19.51987425439515,8.908853213618098,2.295142539218718,0.18756398653383835,0.13400736205813896,0.11258666512526853,0.13437720226743718,0.045444601339672534,117.14536281142954,59.101010125277526,97.1842594814098,31.116889756314038,5.135387842536414,0.19884202187354194,0.2862880611945622,0.1488147166353659,0.24237169183776366,0.03146843968116275,2072.953982211746,1051.0588657370854,1716.7922422581114,589.4970103449284,71.57824754885547,1.817625955827503,5.370391325014972,2.2748191870598813,3.5633433072382545,0.391471947260041,C4
0.0029670470147114126,1561.6666259765625,17.158189737578233,11.798484879162105,2.458927081544997,2.2153757736615183,0.4637183344015873,0.040306519825524884,0.04326580927986027,0.027534063846533546,0.029044660902231328,0.013742328711256932,69.21500378971973,58.21493453134737,8.181421802815304,7.791900692525167,1.5283929551760072,0.02807385052981726,0.10651972056616119,0.039371932248111,0.055767444713981165,0.0173218150706686,1123.739231023545,1023.8387524792846,154.12389455251548,136.89478887929988,26.461958029066903,0.20008427135831344,1.5532905073202172,0.4317494794355052,0.7704400733095432,0.24080364793643622,C4
0.008555084080332963,1107.3333740234375,28.059517775305217,14.353959016282696,9.306673094807481,2.6389537365891145,0.8322107633398886,0.06491790338389547,0.10481833288941679,0.04279574315804158,0.05924390202520801,0.01716561906699099,132.27525225049808,61.93115203779461,52.8412302948175,9.785091258040826,2.6111703775928157,0.04729851418835951,0.46663585662252777,0.05300086623401586,0.11189188441828002,0.009235760809679638,1943.5007997656344,1298.71306836196,964.5387418767573,170.40802070386965,39.450811919426094,0.40367203016680064,7.83244603237112,0.5916415159889784,0.9616544399490868,0.052351142403987534,C4
0.0012601036351928179,1482.6666259765625,12.2654796971192,7.516305790442811,6.8813919511084904,3.4662585422815413,0.7697598745567974,0.06925846540888021,0.06180909709726912,0.042701522637331936,0.04728630428635793,0.016899881179626392,34.726087816472685,18.528115993017682,40.160229420618094,11.850347270288406,1.6781946923515196,0.06865253231237839,0.17273369729710905,0.05777333391111064,0.07998841062264403,0.010749796765877097,528.0622782088561,390.6087665451475,739.0421668753729,226.98750506740922,24.278845361799178,0.624398793272216,3.2768744889224912,0.8242093321002462,1.012747811303598,0.1065585315003435,C4
0.010820494147826763,1572.6666259765625,39.265094453649404,18.462609510318394,19.847531898884625,9.29215812891074,2.561222012814004,0.21267743844408804,0.13789312288922653,0.12764302412977108,0.1148890082225847,0.04135873608390161,120.87688576863519,57.989636415780375,98.60822200299141,32.340981148748966,5.6932476330521276,0.23555123678805193,0.3175193810754197,0.18396520595504298,0.19530138491996707,0.03015518635108992,2169.9300441856353,1030.7247642156688,1739.5033424613152,609.1829312865052,77.54178836728843,2.439487154283935,4.542072773744663,3.000259115816214,2.8308247998140663,0.3219399719936554,C4
0.002928638370228151,1505.6666259765625,16.92601891735493,11.691356774343173,2.5427532268366613,2.3587512044545593,0.48241652792951667,0.0363884056147828,0.04325289523916873,0.028749877852178682,0.02492740592105882,0.014507030887375379,68.27337560357054,58.246824791052866,8.594978803242237,8.351600668474328,1.498740329886329,0.022139252899971786,0.11189542025838135,0.04227172347616,0.04658442512655984,0.0175774496782945,1127.0866663118702,1028.2778486479642,163.33439643690568,145.48446596854046,24.627580976023673,0.1632687079876813,1.726574473194632,0.4996081404434009,0.8030203859540794,0.22447155965512366,C4
0.0072633201398808085,1131.0,25.737447279035347,14.773132747504388,9.156348087511459,2.868135212462826,0.8653201219938701,0.07790475935268888,0.10525303761415909,0.044768126422499846,0.05110999546404885,0.01777175133759213,117.96005328665719,61.655047486237564,51.25884140339281,9.964397606597192,2.3526314901942174,0.0668276532286288,0.4547956903339006,0.052830331980125836,0.08809918531591403,0.008971418595284428,1713.3980270623983,1273.5960433204625,926.1523136065155,155.44618251153017,32.27130694206671,0.901950456167138,7.757283448859574,0.6196943928880055,0.9744177183676285,0.05091971563933038,C4
0.0012176188673281997,1474.0,11.827005734316018,7.519178675169573,6.811253591289602,3.5562040963781048,0.8347333376369579,0.07543865276203049,0.06212405806235537,0.048440716973908095,0.04063281948249345,0.01623948520344873,34.001736551240704,17.744470337233537,39.74006460837476,11.8107465162162,1.7568796022509257,0.07917538973068405,0.18312813120571655,0.06561676117403487,0.06229539411945722,0.008748978718302736,547.1241752222098,373.94148331661376,733.0913425003205,224.6245679141301,25.972580770880374,0.6438184494503146,3.524170709364689,1.0131983823429358,0.8401536893442019,0.08250466637767444,C4
0.011254326958046,1646.0,38.04013504279446,20.053429575528007,21.253833616280705,10.94003732556583,3.723864613040711,0.31130988811177024,0.21165958404733085,0.14176010563589503,0.13295427744219482,0.04528013592688103,115.99101248433134,64.72177516717369,102.93037381678327,38.047565464359344,8.913937816097846,0.35308778548805814,0.4792040485532316,0.20734661289954445,0.22805501683719406,0.04933745750320531,2039.5723690169395,1154.5489930952615,1813.9462362088782,726.1187228184888,120.68329130062062,2.896118323620046,5.4683063974131,2.635691244472006,3.422111480791963,0.6873390618828988,C4
0.0029880459097143992,1549.3333740234375,16.26771634843184,12.453668873663752,2.804505274305368,2.727629788307222,0.7550160466803865,0.054772671666917835,0.05814182773275022,0.038506924695796,0.02635667572801484,0.01408994401340665,67.0252470015438,60.59592059861076,9.738334536483201,9.432222473091826,2.46245529674004,0.035307723968925654,0.17107785853328764,0.06452878183382967,0.05783063550537863,0.02614762701686974,1084.08066195134,1049.4466282121166,197.44890825520145,164.52523117448317,42.22932309652522,0.284173808015955,2.615318422943493,0.9415745733784477,1.0190117716971965,0.3529967580254437,C4
0.008706725398650495,1112.6666259765625,27.36720107223872,15.080188206275736,10.048658897880385,3.131053320915993,1.3332630617674375,0.09940485427151602,0.14775255945519972,0.06909563313499134,0.05446629766905991,0.017615119299347122,130.32691037091973,66.44646529107209,55.38742965993492,10.940504677640856,4.283890968701291,0.09139491545580655,0.6685892690608684,0.11355486858791168,0.09853807074337192,0.02172981448262087,1908.5675087375964,1409.267277038728,1013.5912777775397,183.69841986159986,65.77836108711024,1.152897055044702,12.182095452473039,1.301120184055468,0.9878031016442785,0.2783032178006453,C4
0.0013558308260007389,1518.0,11.608473851817571,8.088625621147644,7.4143339165570366,4.261064101407216,1.260652814797385,0.10581033920389941,0.0843414039942986,0.05494639324965475,0.046670653883641694,0.016544603382784014,33.21315898409514,20.8493642621199,42.28465430475982,14.469689320891622,2.939807678463382,0.11586473882184162,0.2225443461082371,0.08497899339619949,0.07808363920763223,0.011778125118660675,504.2446046362035,441.3384593230268,782.4828937074257,279.2818510954616,41.80508108358761,0.9006604640584933,4.523623150567328,1.2091688796072646,0.9606434265341804,0.12163664439873292,C4
0.011244139324585449,1716.3333740234375,36.19983944191499,20.9534673100348,22.81175197728732,13.42468506031877,6.299851312876617,0.7224592266065296,0.46186218125814815,0.4203779285780281,0.18100922835107677,0.04464522825533505,106.4661524371216,67.57045100782464,105.22591594920522,46.02637963982122,16.986094026107295,0.7301331078130469,1.301918635555408,1.009746963219966,0.3673484385885135,0.06504754973544359,1925.498023408923,1188.368231484817,1852.5202299287323,877.035994480405,242.00912351182032,6.344870018091947,20.963217177663584,17.451764674820513,6.089865649147937,0.9642164577822733,C4
0.0029248391340283074,1662.6666259765625,16.11544442320493,12.592320672442169,3.0940481152782313,3.4183485056539884,1.2660094476846075,0.11451719244256958,0.12876162528110263,0.10071019029946036,0.034563118823171375,0.01446295653482527,66.60231587576523,58.63862197373332,11.14018148044378,11.776185999255471,4.051729674897105,0.08693108882425393,0.374287018663495,0.25626339987367974,0.0646737061458452,0.03426032211464256,1093.8459259648948,1003.2606528673484,247.6767336888268,206.62190681359783,70.5466854178631,0.7051265623714479,5.764589614717496,3.6585382007784433,0.6842203264240837,0.5351815768576579,C4
0.007273445659167793,1137.0,25.62233011173181,15.557846740399388,10.347967300247296,3.7061693531595665,2.010361833071685,0.2051036397667472,0.29684948021284435,0.15691314505858858,0.07700369674638365,0.015856726923516907,115.75492771972777,63.295173578146155,52.90131753617711,11.713869266386698,5.742388009037814,0.23962562461528703,1.2014389019881901,0.34432715716329954,0.19067677030914734,0.03460107451901125,1656.7296117797446,1307.5296315315306,975.3524356169396,171.6202816878742,79.75501002743722,3.6559335396187738,20.450208018934227,4.530137293054649,2.17753301431587,0.5107729821293605,C4
0.001441070984421502,1558.6666259765625,11.361534676529901,8.92695063433264,7.647878735042276,5.278666117482005,2.0798428373059625,0.24564390768617642,0.17736598812469115,0.1499526362861464,0.06103820951509878,0.014880226506512476,32.92871182730292,23.885124008787276,41.58831691948142,18.13361978446315,5.46261779852145,0.25062116415846897,0.4674253307105388,0.34487304802988183,0.11217772252045771,0.01356441906085245,536.9897503223775,487.64694714568947,788.7826499160506,347.78863727503756,85.74936090514014,2.1466025520537735,8.397759144611936,5.69127756228993,1.5840405604518362,0.11759886747782321,C4
0.011380047565580819,1703.6666259765625,36.223889383198234,21.238854985171564,22.305540078120305,12.808935148609748,5.681102957212215,0.588566025299202,0.3659338586298694,0.30175099686754037,0.14642459348258274,0.046176706145877974,109.33146414114373,70.01442637818435,104.14281408721577,44.320444587032604,14.878381891471706,0.6119478950672873,1.0086445250328406,0.6807538699346848,0.24820849400051512,0.07216217678176504,1944.120550245754,1222.5449806306592,1844.2904298440835,847.5553452694793,210.20444947883163,5.612813903564575,15.924792916341419,11.36145675478963,2.4025568218207862,1.0329721449158198,C4
0.002873737769537501,1607.0,15.525802782155958,12.879306935508644,3.0707206734343635,3.166063918572359,1.1241750715526448,0.09345920230255038,0.09822899220439978,0.0725768621721592,0.032607473969958785,0.014020214101473591,62.9607598188647,61.45809705303447,11.103331565557463,10.94943271673514,3.548298582685608,0.06918267712820017,0.267242089545569,0.17677679662960927,0.07284134308525744,0.035011247331937646,1023.5400352744477,1051.0171372616046,234.27096332556485,192.606490656345,58.905382640767954,0.6140546989394352,3.51183628064566,2.7716992053174248,0.9984790971782256,0.5558868561223561,C4
0.008245757129201177,1126.6666259765625,26.429426783295654,15.693111593797038,10.406948072130207,3.705746420115207,2.036652654428144,0.18059120869042797,0.23883013273997147,0.11352865303271191,0.0640906583587697,0.01705998604706159,123.16443234222866,69.30687220441641,54.919180946919965,12.628801479847345,6.544379116840352,0.19521915964631,0.9930511963497627,0.25110811477913997,0.15274700840755626,0.034078486091832304,1794.0970276970138,1451.923250723262,1022.896477107834,210.342609577455,91.55865906196344,3.0148039316757442,17.1218944296134,3.333153939391522,1.5830201468270269,0.47946797672291835,C4
0.0013997774939785974,1562.3333740234375,11.233220611134458,8.655649006373787,7.634526959550419,5.001942116586748,1.9448412995645807,0.1988737773838198,0.1431296663319167,0.11095429843992821,0.05189844178557244,0.015508385277743118,31.650209493585386,23.344562527919003,42.04288164203545,17.15700971250981,5.113287299459483,0.2149625578475581,0.3861030336152615,0.25770818097842874,0.09444290206484504,0.017014187301902906,486.2156992989238,480.4649802753664,795.9426279764516,329.53411751809824,76.54515837245877,1.9182042494014395,6.988809116613435,4.044243546756108,1.0997828900604532,0.14334402225574516,C4
0.012117262176611772,1710.0,37.258431505634334,21.684651794934563,22.817075060006328,13.717966475799518,6.963822564721115,0.8590163117031927,0.6049850410296572,0.5521857695840905,0.27117963393227673,0.05606070844191709,114.78921198235616,72.05249810580787,104.26317377199095,47.15158142118233,19.201491428863434,0.8607224033057349,1.780807395687201,1.4262973042248832,0.6276652558586864,0.08604235165631345,2047.3465549667421,1237.7332098814481,1804.8195883403566,931.7173875929036,291.40754169680963,7.133625129070453,29.848445170201362,25.450421333690667,10.22288863184773,1.2792077781416098,C4
0.002902560837630087,1656.6666259765625,15.947521864271822,12.514660018867048,3.1185197404309033,3.452362886373428,1.3752790817839469,0.1255933574021157,0.16290451347742402,0.12495737583089019,0.05337502082946598,0.015026616496384653,66.30083149147147,58.459608831769245,10.715806210429195,12.162838951405275,4.115951510523924,0.10447562453305005,0.4839198577267968,0.3336609475168114,0.1168927400024564,0.04154526500832793,1073.5759851678888,988.3308692513355,226.52391647454033,226.7529822444151,60.38993410303707,0.8600202234380131,7.711733815421108,4.87197852614755,1.4101548611665067,0.6779568819618895,C4
0.007367719300633288,1146.3333740234375,26.4883305405787,14.713086778185174,11.016091477639579,4.0625550224258244,2.4957176300423076,0.24436932815109294,0.30997570541745006,0.16672724139147052,0.11962708475822514,0.018138246002402835,118.80804804592266,58.07526005690552,53.517356220708706,14.776970579230586,7.4597536790891885,0.2672141195294317,1.2945883417931647,0.35229874432175995,0.3038241356847591,0.03535560818241791,1704.908256856124,1239.9904431917737,947.4583641095153,264.09863358431727,93.66858098427468,3.9445154462734195,23.68160912083744,5.509416936106127,3.8705138677734165,0.5840328015767071,C4
0.0014428602047436903,1597.3333740234375,11.654276572658134,8.929606093332657,7.557075922003507,5.491484458426406,2.3282253125988337,0.29215885081347254,0.22454334224944383,0.20131056628855298,0.08827676587435498,0.018604425160503917,34.076104441349905,23.481760691521192,40.25585748415132,19.20813368923423,6.28724221330447,0.30330712937737414,0.6001248969084901,0.5263705225401157,0.1833408662121509,0.019870263975482746,534.3361956822305,466.18937441015225,756.1353769281374,379.72454867456554,98.3333602187997,2.7121688562399457,9.923975309659207,9.38849518634,2.819012685575511,0.19275795159260847,C4
0.01157025288847207,1755.6666259765625,35.755715065528335,21.098359110614542,22.66248174354288,13.965236554029753,7.884213575982697,1.0734087056848325,0.8399844242371834,0.814065787834385,0.48752227981738155,0.0644406604996699,110.45868747508808,71.03605674518313,101.26014904463541,47.825858443251384,22.80201939239654,1.0738428963025695,2.6554334298429363,2.119556985003158,1.2150083146656612,0.07274230055276115,1964.8917412532426,1199.086685489444,1732.5913958291321,930.6058002622401,340.24472597065915,7.750919833345217,46.096699462726114,38.12886721185655,19.313229218331106,0.7000562384913318,C4
0.0027671570844821467,1711.0,14.937213989995275,12.657236731098022,3.282718270980912,3.61874503243896,1.4965560779505274,0.16584487145082297,0.22902612026291938,0.17559367635208584,0.09964972470375152,0.011550303894912012,60.83297398756118,60.578715572100066,11.77356177184382,12.54212395680278,4.442918067296888,0.16200385495341216,0.6719135811614428,0.4900963043940733,0.269871673314753,0.02004008513961933,979.6227419997876,1016.9259479861565,261.6096993427687,231.15058305917574,64.96272540802833,1.3945867104032854,10.331820375047316,7.559635750340321,4.279608501893511,0.281919240980838,C4
0.0071441690693345335,1146.3333740234375,25.65488106180032,15.2522583981753,10.363165853642618,4.342897996011134,2.8724151679543004,0.2971972547817334,0.45990894479518357,0.248591953392563,0.20566141196078996,0.018655627746854895,113.95145120558313,64.1640326322817,50.658650273553455,14.640441231936395,9.145472480430197,0.32369357709198837,1.8693425069348355,0.4972587745987569,0.5086709775999514,0.019792557076351264,1639.5567660178276,1333.1367611109922,920.0622533789073,232.38803612887702,116.55287337065948,4.114746289064089,31.928492267235185,6.932876259542654,6.024628395426199,0.17920854925845398,C4
0.0013802464728648726,1631.3333740234375,11.137959512938778,8.750167997292152,7.490959332700824,5.662645410088724,2.633652951014662,0.36475025058734745,0.31306199696528086,0.2880694774110822,0.1632979999992485,0.02353272684165332,32.33191424927375,23.539731523976343,38.94471747665561,19.826214919442624,7.491763147804292,0.37717284500492676,0.8850459444406089,0.7259148622934659,0.38212095153190245,0.027667846176656172,501.4233019084043,457.4828952262527,734.5562700204177,382.3856146555252,115.65318361237733,2.907077927658011,13.98107431501543,13.06999439213163,5.43147505573017,0.240561467884877,C4
0.010997524878139908,1772.3333740234375,34.00790649200389,21.753684841582274,22.792182586719836,14.027170849140612,8.204446564708002,1.1888127227319252,0.9463680379997258,0.9526115339314051,0.6105810656688824,0.0876713037105257,99.85446257622243,73.37540861150713,101.9519772310144,47.276856326797386,24.642334715476927,1.1964061312067278,3.0348905579446015,2.388051256669568,1.5307409329489117,0.10404173056524073,1770.150076570243,1219.143586587178,1785.8753460632686,880.4119029395674,368.6030252017433,8.571569819402203,54.29561996714751,41.231443145524054,24.720416568938912,0.7903207748779351,C4
0.00257222841683855,1700.3333740234375,14.36943618899875,12.681260843434595,3.298053368068519,3.531068881463576,1.591823326648624,0.1744402532636083,0.2510056367464266,0.19887220023356109,0.13478051407735964,0.016409052888255542,57.39312069123039,59.31256680872109,12.243023902586264,11.748879789594733,4.731649995433663,0.16291750263494287,0.7153968220928427,0.5223722809725186,0.3881130900558209,0.032686094717825416,929.3696279530152,1001.6067983901978,263.81709279238146,202.49216746467644,71.53431576610215,1.3614590261307595,10.98625419650229,7.456557065231847,6.243320005286138,0.4449013751767688,C4
0.007266012205965223,1179.6666259765625,25.148933196885984,15.369264701892918,10.323621591914897,4.119400990837114,3.0067821266719594,0.3460109499752779,0.5798273915544027,0.2986939534525617,0.2608627890548816,0.0223554271923744,113.05770825090617,67.00749827002497,52.49199053787903,13.696286542899607,9.869679703177663,0.4047729671751192,2.39130892472645,0.6098607827179747,0.6570263212762636,0.03318124260459317,1636.4680149911846,1368.6229244007732,985.3541163280466,222.84152430456078,129.8476371666208,4.798189773558367,37.34091508383182,8.190380484099801,8.087406263369159,0.5409258918469275,C4
0.0013523279026301865,1622.6666259765625,10.819143850714195,8.842223918135947,7.630224079055354,5.4957759119151435,2.8238242160615776,0.40824568077860063,0.3522994415113252,0.34206716427119904,0.201461848972791,0.031189901513341636,29.518047940846476,24.085316512379226,40.10456014133771,18.533547559535894,8.537047025308537,0.4301596641468875,1.040515056069563,0.8487920986716428,0.489586201027402,0.038693111353877103,442.3267485702243,464.3044922559462,771.2599091334009,344.745423164104,137.29966163111865,2.9446333624303125,16.849313511022565,14.940063215092767,6.704162486297138,0.3397912365009842,C4
0.010106472978196255,1797.6666259765625,32.203508954001336,21.053640224338597,21.721809429151065,13.797820335584762,8.64703419162685,1.393983067016024,1.2038872121331357,1.2169693000510886,0.9012272230974607,0.1712707972963174,95.30372324880524,71.88408022849266,95.69545176625482,45.63244554505576,27.106345841497753,1.3689871545344265,3.871971581669,3.0138273756849636,2.3316901289872516,0.3078744039198308,1676.3483903276042,1180.017723944006,1656.987697116082,828.5714164142595,417.6110591067076,9.450367906387463,69.65037315512619,50.28869611331142,35.06004149833734,3.522210591234345,C4
0.002347056979974651,1716.0,13.594818479550195,12.185317892232238,3.233313049486455,3.5065822928483468,1.6496681929310637,0.20249137440663606,0.32916202676851547,0.2556499210816515,0.2138474453115206,0.042581959538183334,54.31835034588346,56.965599181246596,12.211647437171568,11.19228976389701,4.7744686526356634,0.20254630682216734,0.9266938186933562,0.6301124233010449,0.6494550817598653,0.1380991535364173,876.2679240583367,955.0127595758613,261.59415116092424,187.45527684506192,67.82910056242002,1.757648167524262,13.895778421890231,8.755753131265053,10.805988720357872,2.108193905902968,C4
0.006540569143887672,1168.0,23.34886751998777,14.751507523419958,9.75858109912602,4.158008863559778,3.1452383955813823,0.38863823469746167,0.7709901340759104,0.3849190416983011,0.40425773089471706,0.04831823105811573,106.95409845216447,65.13356928830163,48.26065978917594,13.095835088181458,10.373458660120283,0.4936736868529071,3.144087839466659,0.7798935893549995,1.0230824236411586,0.13725512991066824,1540.281732607982,1309.4158388936623,906.0578339410097,207.85757535844934,140.99701470923557,5.58328292362875,47.54449549075775,10.169823444410552,11.4071172525275,2.2284395530434993,C4
0.0012326312038328457,1640.3333740234375,10.231642715225993,8.538928767244316,7.177179177548988,5.398949129508779,2.9856748366611803,0.4765094343776549,0.4577643172771247,0.43795894135829494,0.3021335212863553,0.05622767709533689,28.689918128901997,23.839843064193943,36.979782534646795,17.82529528724696,9.411657217297634,0.4976295019125578,1.3655472923656675,1.0715294446208872,0.7847125864266536,0.08388368639574012,429.1612683349599,449.57837734534087,715.2073265487829,322.6650729154667,154.47427557924678,3.536289779500924,22.245972711172772,18.194436920937168,9.62214247912749,0.5938280891944722,C4
0.00980028934515475,1805.3333740234375,32.567126654404724,20.445148869203642,21.46025181697466,13.526392325758163,8.58032679650355,1.4182341320206449,1.2269246553957873,1.243925469867735,0.9388163930290401,0.1814340014057736,92.83366745617876,70.92882198544507,94.75001515119723,44.78420461495686,27.073549325765406,1.3797900573132988,3.932984800634409,3.0628584460950976,2.4176963913237737,0.33262164931553756,1630.3489851942686,1160.6459677755802,1650.8729487526116,812.5898742199672,418.3277975198946,9.529865487422871,70.88728425384372,50.528882411353145,36.145909042918944,3.7712011169218624,C4
0.0022605282456156545,1728.3333740234375,13.306517698414043,11.95668429219447,3.179792799602357,3.4467257245200504,1.643719558420873,0.20644025004339803,0.3385596059589581,0.2683019625071154,0.224565177895529,0.046323336315112665,53.24161950629176,55.91467526277776,11.996930670285122,11.172273181164192,4.77432287297055,0.19864856441540962,0.9673991456129162,0.6660794758492169,0.6933490363334003,0.15016359489958114,858.8079729912804,938.0104586733696,257.8116995019527,189.78818634250808,68.00933499288274,1.7263552286188832,14.679326041172281,9.044294694372814,11.451482770982752,2.3012832816357,C4
0.006312785198031863,1195.6666259765625,22.52122289698554,14.853642307625615,9.73623957613347,3.992637691971898,3.153823105609522,0.39137081077870906,0.7820907840382175,0.4055764886330978,0.4080992406528642,0.052221237438538536,105.01421929709647,63.393652806099084,48.33122463257468,12.609756885096662,10.436120088850016,0.4991369816503267,3.2090572634347256,0.8097301274447328,1.0415555973440032,0.14668919014268844,1511.8069260428556,1279.941526442364,913.8403671650747,200.35256734844876,143.58695964118795,5.7759417668144195,47.83100302972463,10.048069340519985,11.2861157751038,2.3937873185692875,C4
0.001202883154963506,1637.0,10.357645849842243,8.427425947893695,7.133767211639398,5.323995699953926,2.9581506116660603,0.48485870753362353,0.46200793524796535,0.4501721313231976,0.3166554180589549,0.058394068632487174,28.12736277748659,23.130282965509696,36.769137701278176,17.730837348522044,9.38802897399474,0.5021037598906022,1.3731125368393018,1.0977704332547644,0.8313458970094908,0.08955070653335892,416.9647658083603,437.13101318533927,714.3928739850512,319.58775939924794,154.63085805094704,3.609846253264532,22.530330858591146,18.496945129242974,10.276005737517615,0.6343063856169149,C4
0.009956473977533308,1803.3333740234375,33.00434129373735,20.586905702017376,21.549773204587606,13.543507004917757,8.525593851153019,1.3831554163956552,1.177716491915695,1.1796695108584299,0.8761256937475708,0.16122477875589064,93.7480428594115,71.46056485032938,95.65611761282905,44.993707649676644,26.689212837849247,1.3403943783054324,3.7958512600452163,2.9272059116308564,2.259741865496191,0.2783569621991717,1646.9999384175176,1167.9549107248508,1665.4832517349796,820.6639511055241,409.76250956875884,9.298581546022879,68.22120750601572,49.127552458801695,34.06526803124056,3.0560051765993825,C4
0.002277432712575172,1726.3333740234375,13.412791435920852,12.086892767116987,3.1956791068996226,3.4610122401047945,1.6343996483981724,0.2003522610564162,0.32641925935604815,0.24779209667319677,0.20166673935801252,0.03992212799272938,53.480082829256,56.06493436095679,12.107419128676254,11.148369405954748,4.7374770749932384,0.19988227952335452,0.9501002596829805,0.6314756732460214,0.6142431772941715,0.12231158855419232,861.4760228807236,939.6593251826662,263.33770394227747,188.38854036945972,67.88892607878388,1.6636548290986315,14.484340924884801,8.930634747921072,10.253738162096228,1.8630789105925907,C4
0.006410564588366195,1168.3333740234375,23.00489952197823,14.815899386373255,9.89571321557256,4.078125159477937,3.089151197756098,0.3828383563607014,0.7209726611188862,0.3839246379440181,0.38085704876200427,0.04751292236346929,106.09469843863961,63.26874234522128,48.83196698971664,13.144559195799058,10.141929622458896,0.48221739552102927,2.9596815461395583,0.7299244714869597,0.9626564836829753,0.12441743132840094,1528.200570876253,1292.80484379858,918.735814467568,207.09440183790255,140.6059206756043,5.393515096622084,45.436134454737484,9.748771396868685,10.727196237063417,2.0055761754519117,C4
0.0012120201777551982,1627.3333740234375,10.541610030634274,8.402929911968535,7.170075771425768,5.324042280544573,2.9156858651984723,0.47238198237381385,0.4396468510806932,0.42526912974782677,0.2937710614237971,0.05358339730628748,28.208257932553064,23.074537722883225,37.17647636207892,17.627570991021543,9.123017290647596,0.48594291230236675,1.2883918556879057,1.0375812386325345,0.7580557514876988,0.08077115236300296,415.3454868487028,440.11990263419483,719.7988243792387,319.222990687334,149.8911836753348,3.324822865223621,20.655031019858058,17.842509335042713,9.294063050555799,0.5865138826644962,C4
0.009561851158020612,1812.6666259765625,32.297655509625145,20.297005733753352,21.421576989456728,13.458174832990979,8.428742675760079,1.344871341663436,1.1704105880431774,1.1841374378344953,0.8762980294922411,0.16906997798448486,91.0241397582327,70.02104555428191,94.26085802263943,44.23086227586642,26.25380567122202,1.3585975605813523,3.805261945427823,2.9356568990897616,2.2511190823543163,0.28784941181816087,1597.8425601850856,1138.561146317681,1635.9483432719844,803.0814947017018,402.79686783693495,9.334271925616308,68.82597886303195,49.163436837875906,33.75818181445821,3.2223078758097365,C4
0.002258145811167646,1724.0,13.249445081079298,11.99425471159761,3.193438811330186,3.433795289625059,1.6618515910811802,0.19651001958745948,0.31406433756586183,0.2513002932835283,0.20167498247551524,0.04037283412026438,53.094284850308576,56.02541863506439,12.044251101898013,10.917467177989016,4.917218956747769,0.19769940891388416,0.8859819145170258,0.6264789948064184,0.6217082508839977,0.1277180665330899,856.487421588445,940.140398371589,260.0552628693184,180.81807840692917,72.17051059724317,1.6622953393092799,13.079806381354977,8.69418421702454,10.529906036059092,1.9434305411927755,C4
0.00624366685184976,1188.6666259765625,22.66240809246725,14.615630440435677,9.710914648891832,4.082864984867233,3.023369701376526,0.38058722914120446,0.7056432767218679,0.3679229576056851,0.37763030393511554,0.04692323825187959,104.70461682915332,62.19539197885213,48.38632550376224,13.535175699746606,9.868920076479137,0.4708856811717937,2.8683971132582675,0.7181560574393289,0.9496028686027804,0.12560343059951437,1506.059345805308,1256.842169143235,905.87450902685,220.78328876061337,138.16823663835572,5.6185089943304165,45.02177196213928,9.943806345550477,10.60334778784897,2.0659763557657778,C4
0.0011674635095509731,1635.3333740234375,10.414736228105435,8.22578861885585,7.066907937199391,5.230755177428621,2.8699377357004394,0.46111710018588203,0.4346149072933232,0.4255109267772096,0.293860949952241,0.056696854709257866,28.133007989879296,22.217843249880953,36.5604894728924,17.033580000586834,8.883248576726809,0.4932087513753966,1.2720216409248042,1.0374334407716572,0.7588650048429995,0.08083419033066938,414.03151249844217,418.573557100572,707.4805524781134,307.9209344315198,146.17820436886748,3.461301443158172,20.3042607577141,17.459575803584983,9.204213224733284,0.5837061029709781,C4
0.009203955338657742,1812.6666259765625,31.770330873527712,19.95928131917345,20.910499033762058,13.255541466876984,8.668037810671304,1.490850289659309,1.3727755801759531,1.3343653896993366,1.111577003991831,0.25776542836064803,89.60622559902603,69.08718639026212,91.20361918460632,43.163414462025834,27.83543764554183,1.471472594042417,4.398593804417469,3.21880138163185,2.887948863472314,0.5099515603351877,1568.3103371910158,1114.7911200495257,1573.7428982888953,766.7430805167231,433.44686554484895,9.983096136132962,79.27180428612304,52.26833963211768,40.80480213937999,6.199722777891933,C4
0.002096511383581895,1729.3333740234375,12.90351388686828,11.616349700936206,3.1068853180811935,3.4178606264788844,1.6582173515324792,0.22083630438844323,0.3758929830786197,0.2843927882427587,0.2706073912225088,0.06682731637484024,51.14120192340846,53.87112491178562,11.744726348556506,10.64751608566588,4.7178767955421534,0.22658713974639308,1.0839045961925853,0.6979746188798392,0.840205963479745,0.24309275782225784,820.3551705016279,900.4255194089159,252.49157432067574,174.75854791857563,66.08202553816096,2.008891326061848,16.268092231292535,9.879184269025098,13.86982113934421,3.6300513534672634,C4
0.005926718756298532,1174.6666259765625,22.254719788291293,14.224746696148168,9.574519631490757,4.102796785808657,3.1209631574500194,0.4234609961389263,0.8426448911910104,0.42663497536600803,0.49007910064069726,0.07861324706249585,102.0509862298569,60.96180923213585,46.28975768284086,13.153860715738642,10.261885168992228,0.5423333783131158,3.3234175677314926,0.8026289468819927,1.240508574999863,0.25994189246083255,1468.251589851764,1218.9872111302236,864.6364527041911,204.40675165883573,147.84051462452092,5.595083412832552,49.80345387850663,9.627353495671274,13.483431477856152,4.108532081471172,C4
0.001098994175026343,1629.3333740234375,10.089003026819338,8.125436495296924,6.888937644095512,5.21372365551622,2.9584747511782696,0.5133261883291245,0.5090213356135068,0.47952456057937964,0.37500114982429816,0.08367706299015588,26.659028563798604,22.346628015608935,34.891065666228236,16.863641040711144,9.558278205724575,0.5414917893214868,1.4669938813148917,1.1315668665708243,0.9918341333999662,0.12977056319042224,386.64055238701155,418.2941162481941,678.0102068208902,296.8624247767679,159.4282039347921,3.9806822129777686,23.867909367550002,18.326853075375094,11.268410717468885,0.9329176479523038,C4
0.008764763120431,1842.3333740234375,30.90230296629679,19.73584083499532,20.618588973859655,12.973514061242359,8.972905663913442,1.7193070810375437,1.6815429492372107,1.5714356331885893,1.4955997065673243,0.4564141148710741,85.29692966610158,68.79688569078375,88.8344169248673,41.33324610618484,30.10988546504217,1.6394511091777109,5.277335491771344,3.5758676876021394,3.960541240841771,0.9628659374374058,1507.1125877712043,1088.9716498939931,1518.7530206526399,698.6779095830187,475.6399443959421,11.34556532289947,94.87044182000254,55.191979687049574,49.954671081993254,12.206358581865992,C4
0.001993885743852045,1744.0,12.519543782528757,11.567151476671214,3.18578863183358,3.3534697067311843,1.684793394695881,0.25360170254762143,0.46506649655861765,0.34291398196251477,0.3742923422312798,0.12286809410104411,49.34794068112226,52.77568057225979,12.148167717637412,10.260675750499116,4.717968715433764,0.2600836042910591,1.314313053692057,0.7856819526164334,1.1762365518246802,0.484421375297762,788.4738472132561,878.1569356386382,255.78027585551243,159.5348844249989,61.85288500587617,2.2893603144585897,18.58516618075246,9.848347974234402,17.945684117420043,7.17639895980476,C4
0.0056344978825117725,1198.0,21.717112846342868,13.992310181627671,9.396131572813571,4.1565972500087485,3.267693215515664,0.4705224937501883,1.0721591629569172,0.5467318661042334,0.6782309773586128,0.14766198417039392,99.04184204387712,60.34780210405092,44.51174250433676,12.709176572543603,10.684153617072557,0.6352907568146025,4.178104964811239,1.0251483969147843,1.6902554081156085,0.5520920397542796,1413.6463136894959,1197.3003852806253,829.425235747363,181.69357798288297,159.3527546385069,6.5712466112320005,54.0251763557581,11.844253400044648,16.459384407608354,8.257208037840718,C4
0.0010405271665944482,1638.0,9.830247118116569,7.966169064811321,6.650853069007252,5.144816155395215,3.082122986805615,0.5933553257203721,0.6350278571225852,0.5724732881341806,0.5137507389752906,0.1453018542290061,25.745055468586585,22.192793516005764,33.40482224511044,16.331271686147176,10.298952213934333,0.6186944207452766,1.8007489653430921,1.2902763433910562,1.3976429947673603,0.22559196433454737,379.3242449158793,409.4278607925733,655.5967428446344,270.53757859263106,172.3082390501407,4.728404867732042,30.268552743818418,19.579398037011412,15.585982749096425,1.833134598588787,C4
